"Social.ST.min","Ybar"
505969.096774194,359.645161290323
