"Social.ST.min",""
76137.9583333333,144.791666666667
