"Social.ST.min",""
363630.551724138,259.344827586207
